{
	"priority": 48764,
	"timeout": 0,
	"isPermanent": true,
	"deviceId": "of:0000000000000001",
	"treatment": {
		"instructions": [
			{
    				"type":"L2MODIFICATION",
    				"subtype":"ETH_DST",
    				"mac":""
  			},
			{
				"type": "L3MODIFICATION",
				"subtype": "IPV4_DST",
				"ip": ""
			},
			{
				"type": "OUTPUT",
				"port": 3
			}
			
		]
		
	},
	"selector": {
		"criteria": [
			{
				"type": "ETH_TYPE",
				"ethType": "0x0800"
			},
			{
				"type": "IPV4_SRC",
				"ip": "10.0.0.1/32"
			},
			{
				"type": "IPV4_DST",
				"ip": "10.1.100.2/32"
			}
		]
	}
}
		
